{"schemaVersion":4,"source":{"uri":"models/jersey_new.glb","sha256":"d48c108286f90963d35edf3ae56d6afff60de24618acff594f7174cab090f0e9"},"animationNames":[],"boundingBox":{"min":{"x":-0.046875,"y":0.6968749761581421,"z":0.3218750059604645},"max":{"x":1.046875,"y":1.553125023841858,"z":0.6781250238418579}},"nodeNames":["root"],"trimesh":{"vertices":[0.546875,-0.421875,-0.1718750149011612,0.203125,-0.421875,-0.1718750149011612,0.203125,0.421875,-0.1718750149011612,0.546875,0.421875,-0.1718750149011612,0.546875,-0.421875,0.1718749850988388,0.546875,-0.421875,-0.1718750149011612,0.546875,0.421875,-0.1718750149011612,0.546875,0.421875,0.1718749850988388,0.203125,-0.421875,0.1718749850988388,0.546875,-0.421875,0.1718749850988388,0.546875,0.421875,0.1718749850988388,0.203125,0.421875,0.1718749850988388,0.203125,-0.421875,-0.1718750149011612,0.203125,-0.421875,0.1718749850988388,0.203125,0.421875,0.1718749850988388,0.203125,0.421875,-0.1718750149011612,0.203125,0.421875,0.1718749850988388,0.546875,0.421875,0.1718749850988388,0.546875,0.421875,-0.1718750149011612,0.203125,0.421875,-0.1718750149011612,0.203125,-0.421875,-0.1718750149011612,0.546875,-0.421875,-0.1718750149011612,0.546875,-0.421875,0.1718749850988388,0.203125,-0.421875,0.1718749850988388,-0.203125,-0.421875,-0.1718750149011612,-0.546875,-0.421875,-0.1718750149011612,-0.546875,0.421875,-0.1718750149011612,-0.203125,0.421875,-0.1718750149011612,-0.203125,-0.421875,0.1718749850988388,-0.203125,-0.421875,-0.1718750149011612,-0.203125,0.421875,-0.1718750149011612,-0.203125,0.421875,0.1718749850988388,-0.546875,-0.421875,0.1718749850988388,-0.203125,-0.421875,0.1718749850988388,-0.203125,0.421875,0.1718749850988388,-0.546875,0.421875,0.1718749850988388,-0.546875,-0.421875,-0.1718750149011612,-0.546875,-0.421875,0.1718749850988388,-0.546875,0.421875,0.1718749850988388,-0.546875,0.421875,-0.1718750149011612,-0.546875,0.421875,0.1718749850988388,-0.203125,0.421875,0.1718749850988388,-0.203125,0.421875,-0.1718750149011612,-0.546875,0.421875,-0.1718750149011612,-0.546875,-0.421875,-0.1718750149011612,-0.203125,-0.421875,-0.1718750149011612,-0.203125,-0.421875,0.1718749850988388,-0.546875,-0.421875,0.1718749850988388,0.3031250238418579,-0.4281250238418579,-0.17812500894069672,-0.3031249940395355,-0.4281250238418579,-0.17812500894069672,-0.3031249940395355,0.4281250238418579,-0.17812500894069672,0.3031250238418579,0.4281250238418579,-0.17812500894069672,0.3031250238418579,-0.4281250238418579,0.17812500894069672,0.3031250238418579,-0.4281250238418579,-0.17812500894069672,0.3031250238418579,0.4281250238418579,-0.17812500894069672,0.3031250238418579,0.4281250238418579,0.17812500894069672,-0.3031249940395355,-0.4281250238418579,0.17812500894069672,0.3031250238418579,-0.4281250238418579,0.17812500894069672,0.3031250238418579,0.4281250238418579,0.17812500894069672,-0.3031249940395355,0.4281250238418579,0.17812500894069672,-0.3031249940395355,-0.4281250238418579,-0.17812500894069672,-0.3031249940395355,-0.4281250238418579,0.17812500894069672,-0.3031249940395355,0.4281250238418579,0.17812500894069672,-0.3031249940395355,0.4281250238418579,-0.17812500894069672,-0.3031249940395355,0.4281250238418579,0.17812500894069672,0.3031250238418579,0.4281250238418579,0.17812500894069672,0.3031250238418579,0.4281250238418579,-0.17812500894069672,-0.3031249940395355,0.4281250238418579,-0.17812500894069672,-0.3031249940395355,-0.4281250238418579,-0.17812500894069672,0.3031250238418579,-0.4281250238418579,-0.17812500894069672,0.3031250238418579,-0.4281250238418579,0.17812500894069672,-0.3031249940395355,-0.4281250238418579,0.17812500894069672],"indices":[0,1,2,0,2,3,4,5,6,4,6,7,8,9,10,8,10,11,12,13,14,12,14,15,16,17,18,16,18,19,20,21,22,20,22,23,24,25,26,24,26,27,28,29,30,28,30,31,32,33,34,32,34,35,36,37,38,36,38,39,40,41,42,40,42,43,44,45,46,44,46,47,48,49,50,48,50,51,52,53,54,52,54,55,56,57,58,56,58,59,60,61,62,60,62,63,64,65,66,64,66,67,68,69,70,68,70,71]},"optimizedModelData":{"":{"meshCount":1},"-named-nodes":{"meshCount":1},"-no-animations":{"meshCount":1}}}