{"schemaVersion":4,"source":{"uri":"models/ice_cream_seller.glb","sha256":"979cca34809a70a5abe8b9ef96e5c9482e3c3f9155aea3c326735c441c18556f"},"animationNames":[],"boundingBox":{"min":{"x":-0.01718750037252903,"y":0,"z":0.0625},"max":{"x":1.017187476158142,"y":1.8125,"z":0.75}},"nodeNames":["root"],"trimesh":{"vertices":[1.210719347000122e-8,-0.90625,-0.09375,-0.2499999850988388,-0.90625,-0.09375,-0.2499999850988388,-0.71875,-0.09375,1.210719347000122e-8,-0.71875,-0.09375,1.210719347000122e-8,-0.90625,0.21875,1.210719347000122e-8,-0.90625,-0.09375,1.210719347000122e-8,-0.71875,-0.09375,1.210719347000122e-8,-0.71875,0.21875,-0.2499999850988388,-0.90625,0.21875,1.210719347000122e-8,-0.90625,0.21875,1.210719347000122e-8,-0.71875,0.21875,-0.2499999850988388,-0.71875,0.21875,-0.2499999850988388,-0.90625,-0.09375,-0.2499999850988388,-0.90625,0.21875,-0.2499999850988388,-0.71875,0.21875,-0.2499999850988388,-0.71875,-0.09375,-0.2499999850988388,-0.71875,0.21875,1.210719347000122e-8,-0.71875,0.21875,1.210719347000122e-8,-0.71875,-0.09375,-0.2499999850988388,-0.71875,-0.09375,-0.2499999850988388,-0.90625,-0.09375,1.210719347000122e-8,-0.90625,-0.09375,1.210719347000122e-8,-0.90625,0.21875,-0.2499999850988388,-0.90625,0.21875,1.210719347000122e-8,-0.71875,-0.03125,-0.2499999850988388,-0.71875,-0.03125,-0.2499999850988388,-0.21875,-0.03125,1.210719347000122e-8,-0.21875,-0.03125,1.210719347000122e-8,-0.71875,0.21875,1.210719347000122e-8,-0.71875,-0.03125,1.210719347000122e-8,-0.21875,-0.03125,1.210719347000122e-8,-0.21875,0.21875,-0.2499999850988388,-0.71875,0.21875,1.210719347000122e-8,-0.71875,0.21875,1.210719347000122e-8,-0.21875,0.21875,-0.2499999850988388,-0.21875,0.21875,-0.2499999850988388,-0.71875,-0.03125,-0.2499999850988388,-0.71875,0.21875,-0.2499999850988388,-0.21875,0.21875,-0.2499999850988388,-0.21875,-0.03125,-0.2499999850988388,-0.21875,0.21875,1.210719347000122e-8,-0.21875,0.21875,1.210719347000122e-8,-0.21875,-0.03125,-0.2499999850988388,-0.21875,-0.03125,-0.2499999850988388,-0.71875,-0.03125,1.210719347000122e-8,-0.71875,-0.03125,1.210719347000122e-8,-0.71875,0.21875,-0.2499999850988388,-0.71875,0.21875,-0.2499999850988388,-0.09375,-0.03125,-0.5,-0.09375,-0.03125,-0.5,0.40625,-0.03125,-0.2499999850988388,0.40625,-0.03125,-0.2499999850988388,-0.09375,0.21875,-0.2499999850988388,-0.09375,-0.03125,-0.2499999850988388,0.40625,-0.03125,-0.2499999850988388,0.40625,0.21875,-0.5,-0.09375,0.21875,-0.2499999850988388,-0.09375,0.21875,-0.2499999850988388,0.40625,0.21875,-0.5,0.40625,0.21875,-0.5,-0.09375,-0.03125,-0.5,-0.09375,0.21875,-0.5,0.40625,0.21875,-0.5,0.40625,-0.03125,-0.5,0.40625,0.21875,-0.2499999850988388,0.40625,0.21875,-0.2499999850988388,0.40625,-0.03125,-0.5,0.40625,-0.03125,-0.5,-0.09375,-0.03125,-0.2499999850988388,-0.09375,-0.03125,-0.2499999850988388,-0.09375,0.21875,-0.5,-0.09375,0.21875,-0.23281247913837433,0.01406252384185791,-0.04843750596046448,-0.5171874761581421,0.01406252384185791,-0.04843750596046448,-0.5171874761581421,0.1734374761581421,-0.04843750596046448,-0.23281247913837433,0.1734374761581421,-0.04843750596046448,-0.23281247913837433,0.01406252384185791,0.2359374761581421,-0.23281247913837433,0.01406252384185791,-0.04843750596046448,-0.23281247913837433,0.1734374761581421,-0.04843750596046448,-0.23281247913837433,0.1734374761581421,0.2359374761581421,-0.5171874761581421,0.01406252384185791,0.2359374761581421,-0.23281247913837433,0.01406252384185791,0.2359374761581421,-0.23281247913837433,0.1734374761581421,0.2359374761581421,-0.5171874761581421,0.1734374761581421,0.2359374761581421,-0.5171874761581421,0.01406252384185791,-0.04843750596046448,-0.5171874761581421,0.01406252384185791,0.2359374761581421,-0.5171874761581421,0.1734374761581421,0.2359374761581421,-0.5171874761581421,0.1734374761581421,-0.04843750596046448,-0.5171874761581421,0.1734374761581421,0.2359374761581421,-0.23281247913837433,0.1734374761581421,0.2359374761581421,-0.23281247913837433,0.1734374761581421,-0.04843750596046448,-0.5171874761581421,0.1734374761581421,-0.04843750596046448,-0.5171874761581421,0.01406252384185791,-0.04843750596046448,-0.23281247913837433,0.01406252384185791,-0.04843750596046448,-0.23281247913837433,0.01406252384185791,0.2359374761581421,-0.5171874761581421,0.01406252384185791,0.2359374761581421,-0.2499999850988388,-0.34375,-0.03125,-0.5,-0.34375,-0.03125,-0.5,-0.09375,-0.03125,-0.2499999850988388,-0.09375,-0.03125,-0.2499999850988388,-0.34375,0.21875,-0.2499999850988388,-0.34375,-0.03125,-0.2499999850988388,-0.09375,-0.03125,-0.2499999850988388,-0.09375,0.21875,-0.5,-0.34375,0.21875,-0.2499999850988388,-0.34375,0.21875,-0.2499999850988388,-0.09375,0.21875,-0.5,-0.09375,0.21875,-0.5,-0.34375,-0.03125,-0.5,-0.34375,0.21875,-0.5,-0.09375,0.21875,-0.5,-0.09375,-0.03125,-0.5,-0.09375,0.21875,-0.2499999850988388,-0.09375,0.21875,-0.2499999850988388,-0.09375,-0.03125,-0.5,-0.09375,-0.03125,-0.5,-0.34375,-0.03125,-0.2499999850988388,-0.34375,-0.03125,-0.2499999850988388,-0.34375,0.21875,-0.5,-0.34375,0.21875,0.25,0.40625,-0.15625,-0.2499999850988388,0.40625,-0.15625,-0.2499999850988388,0.90625,-0.15625,0.25,0.90625,-0.15625,0.25,0.40625,0.34375,0.25,0.40625,-0.15625,0.25,0.90625,-0.15625,0.25,0.90625,0.34375,-0.2499999850988388,0.40625,0.34375,0.25,0.40625,0.34375,0.25,0.90625,0.34375,-0.2499999850988388,0.90625,0.34375,-0.2499999850988388,0.40625,-0.15625,-0.2499999850988388,0.40625,0.34375,-0.2499999850988388,0.90625,0.34375,-0.2499999850988388,0.90625,-0.15625,-0.2499999850988388,0.90625,0.34375,0.25,0.90625,0.34375,0.25,0.90625,-0.15625,-0.2499999850988388,0.90625,-0.15625,-0.2499999850988388,0.40625,-0.15625,0.25,0.40625,-0.15625,0.25,0.40625,0.34375,-0.2499999850988388,0.40625,0.34375,0.25,-0.21875,-0.03125,-0.2499999850988388,-0.21875,-0.03125,-0.2499999850988388,0.40625,-0.03125,0.25,0.40625,-0.03125,0.25,-0.21875,0.21875,0.25,-0.21875,-0.03125,0.25,0.40625,-0.03125,0.25,0.40625,0.21875,-0.2499999850988388,-0.21875,0.21875,0.25,-0.21875,0.21875,0.25,0.40625,0.21875,-0.2499999850988388,0.40625,0.21875,-0.2499999850988388,-0.21875,-0.03125,-0.2499999850988388,-0.21875,0.21875,-0.2499999850988388,0.40625,0.21875,-0.2499999850988388,0.40625,-0.03125,-0.2499999850988388,0.40625,0.21875,0.25,0.40625,0.21875,0.25,0.40625,-0.03125,-0.2499999850988388,0.40625,-0.03125,-0.2499999850988388,-0.21875,-0.03125,0.25,-0.21875,-0.03125,0.25,-0.21875,0.21875,-0.2499999850988388,-0.21875,0.21875,0.265625,-0.234375,-0.046875,-0.265625,-0.234375,-0.046875,-0.265625,0.421875,-0.046875,0.265625,0.421875,-0.046875,0.265625,-0.234375,0.234375,0.265625,-0.234375,-0.046875,0.265625,0.421875,-0.046875,0.265625,0.421875,0.234375,-0.265625,-0.234375,0.234375,0.265625,-0.234375,0.234375,0.265625,0.421875,0.234375,-0.265625,0.421875,0.234375,-0.265625,-0.234375,-0.046875,-0.265625,-0.234375,0.234375,-0.265625,0.421875,0.234375,-0.265625,0.421875,-0.046875,-0.265625,0.421875,0.234375,0.265625,0.421875,0.234375,0.265625,0.421875,-0.046875,-0.265625,0.421875,-0.046875,-0.265625,-0.234375,-0.046875,0.265625,-0.234375,-0.046875,0.265625,-0.234375,0.234375,-0.265625,-0.234375,0.234375,0.015625011175870895,-0.671875,-0.046875,-0.265625,-0.671875,-0.046875,-0.265625,-0.203125,-0.046875,0.015625011175870895,-0.203125,-0.046875,0.015625011175870895,-0.671875,0.234375,0.015625011175870895,-0.671875,-0.046875,0.015625011175870895,-0.203125,-0.046875,0.015625011175870895,-0.203125,0.234375,-0.265625,-0.671875,0.234375,0.015625011175870895,-0.671875,0.234375,0.015625011175870895,-0.203125,0.234375,-0.265625,-0.203125,0.234375,-0.265625,-0.671875,-0.046875,-0.265625,-0.671875,0.234375,-0.265625,-0.203125,0.234375,-0.265625,-0.203125,-0.046875,-0.265625,-0.203125,0.234375,0.015625011175870895,-0.203125,0.234375,0.015625011175870895,-0.203125,-0.046875,-0.265625,-0.203125,-0.046875,-0.265625,-0.671875,-0.046875,0.015625011175870895,-0.671875,-0.046875,0.015625011175870895,-0.671875,0.234375,-0.265625,-0.671875,0.234375,0.25,-0.90625,-0.09375,1.210719347000122e-8,-0.90625,